<CompuCell3D Revision="2" Version="4.3.2">
   
<!-- # Modifiable parameters will be marked like this # -->
   
<!-- Metadata -->
<Metadata>
    <NumberOfProcessors>2</NumberOfProcessors> <!-- # Increase to speed up the simulation, up to your PC's number of processors (usually 4) # -->
    <!-- WARNING: Allowing CC3D to use all your processors may cause crashes, keep it at least 1 below your number of processors -->
    <DebugOutputFrequency>10</DebugOutputFrequency>
</Metadata>

<!-- Potts -->
<Potts>
    <Dimensions x="400" y="150" z="1"/>
    <Steps>100000</Steps>
    <Temperature>10.0</Temperature><!-- Standard in Compucell -->
    <Boundary_x>Periodic</Boundary_x>
    <Boundary_y>Periodic</Boundary_y>
    <NeighborOrder>1</NeighborOrder>
    <FluctuationAmplitude>
        <!-- # Higher fluctuation amplitude means a cell wants to move more -->
        <FluctuationAmplitudeParameters CellType="Tumor" FluctuationAmplitude="10"/><!-- Set as the average -->
        <FluctuationAmplitudeParameters CellType="Nucleus" FluctuationAmplitude="0.5"/> <!-- The nucleus is rigid -->
        <FluctuationAmplitudeParameters CellType="Collagen" FluctuationAmplitude="0.02"/><!-- Irrelevant as the collagen is fixed -->
        <FluctuationAmplitudeParameters CellType="Membrane" FluctuationAmplitude="12"/><!-- The membrane is more flexible -->
    </FluctuationAmplitude>
</Potts>

<!-- CellType -->
<Plugin Name="CellType">
    <CellType TypeId="0" TypeName="Medium"/>
    <CellType Freeze="" TypeId="1" TypeName="Collagen"/> <!-- # Remove Freeze="" to allow the collagen to move -->
    <CellType TypeId="2" TypeName="Tumor"/>
    <CellType TypeId="3" TypeName="Nucleus"/>
    <CellType TypeId="4" TypeName="Membrane"/>
</Plugin>   

<!-- Contact -->
<Plugin Name="Contact">
    <!-- # All these parameters can be modified # -->
    <!-- We set the neutral contact energy as 10.0 -->
    <NeighborOrder>15</NeighborOrder> <!-- How far away pixels can "sense" eachother -->
    <Energy Type1="Medium" Type2="Medium">10.0</Energy><!-- Neutral -->
    <Energy Type1="Medium" Type2="Tumor">25.0</Energy><!-- High to make sure the membrane surrounds the cell -->
    <Energy Type1="Medium" Type2="Nucleus">100.0</Energy><!-- Very high to keep the nucleus firmly inside the cell -->
    <Energy Type1="Tumor" Type2="Tumor">5.0</Energy><!-- Low so tumor sticks together -->
    <Energy Type1="Tumor" Type2="Nucleus">5.0</Energy><!-- Low so the nucleus attaches to the cell -->
    <Energy Type1="Nucleus" Type2="Nucleus">5.0</Energy><!-- Low so the nucleus sticks together -->
    <Energy Type1="Collagen" Type2="Tumor">40.0</Energy><!-- High to keep the cell interior away from the collagen -->
    <Energy Type1="Collagen" Type2="Nucleus">100.0</Energy><!-- Very high to keep the nucleus firmly inside the cell -->
    <Energy Type1="Collagen" Type2="Collagen">10.0</Energy><!-- Neutral -->
    <Energy Type1="Membrane" Type2="Medium">10.0</Energy><!-- Neutral -->
    <Energy Type1="Membrane" Type2="Tumor">0.1</Energy><!-- Very low to make sure the membrane sticks to the cell -->
    <Energy Type1="Membrane" Type2="Nucleus">25.0</Energy><!-- High keep the nucleus away from the membrane -->
    <Energy Type1="Membrane" Type2="Collagen">1.0</Energy><!-- Low to make the membrane stick to the collagen; set this to neutral (10.0) to remove cell-matrix attachment -->
    <WeightEnergyByDistance/><!-- Important to keep the cell round -->
</Plugin>

<!-- # Add this plugin to see what happens when a surface term is added # -->
<!-- <Plugin Name="Surface">
   <SurfaceEnergyParameters CellType="Collagen" LambdaSurface="0" TargetSurface="50"/>
   <SurfaceEnergyParameters CellType="Tumor" LambdaSurface="1.0" TargetSurface="280"/>
   <SurfaceEnergyParameters CellType="Nucleus" LambdaSurface="2.0" TargetSurface="25"/>
</Plugin> -->

<!-- ExternalPotential -->
<Plugin Name="ExternalPotential"/>

<!-- Chemotaxis to attract the cell to "pulses" and form protrusions -->
<Plugin Name="Chemotaxis">
    <ChemicalField Source="DiffusionSolverFE" Name="ChemField">
        <ChemotaxisByType Type="Membrane" Lambda="5000"/> <!-- # Higher lambda means the cell is attracted to the pulses more # -->
    </ChemicalField>
    <!-- # Parameters of the chemicals secreted by the cell upon contact with collagen # -->
    <!-- <ChemicalField Source="DiffusionSolverFE" Name="ContactField">
        <ChemotaxisByType Type="Collagen" Lambda="-16000"/>
    </ChemicalField> -->
</Plugin>

<!-- Chemical pulse parameters -->
<Steppable Type="DiffusionSolverFE">
    <DiffusionField>
        <DiffusionData>
            <FieldName>ChemField</FieldName>
            <DiffusionConstant>0.05</DiffusionConstant> <!-- # Set higher to make the pulses diffuse more # -->
            <DecayConstant>0.014</DecayConstant> <!-- # Set higher to make the pulses decay faster # -->
        </DiffusionData>
    </DiffusionField>
    <!-- # Parameters of the chemicals secreted by the cell upon contact with collagen # -->
    <!-- <DiffusionField>
        <DiffusionData>
            <FieldName>ContactField</FieldName>
            <DiffusionConstant>0.05</DiffusionConstant>
            <DecayConstant>0.02</DecayConstant>
        </DiffusionData>
    </DiffusionField> -->
</Steppable>

<!-- # Secretion plugin: makes the cell secrete chemicals on contact with collagen # -->
<!-- This can be used to make the cell "melt" collagen around it; uncomment to use the plugin -->
<!-- <Plugin Name="Secretion">
   <Field Name="ContactField">
      <SecretionOnContact SecreteOnContactWith="Collagen" Type="Membrane">1.0</SecretionOnContact>
   </Field>
</Plugin> -->


<!-- Trackers -->
<Plugin Name="NeighborTracker">
    <NeighborOrder>1</NeighborOrder>
</Plugin>

<Plugin Name="BoundaryPixelTracker">
    <NeighborOrder>1</NeighborOrder>
</Plugin>

<Plugin Name="PixelTracker">
    <NeighborOrder>1</NeighborOrder>
</Plugin>

<Plugin Name="Volume"/>

<Plugin Name="CenterOfMass"/>

<Plugin Name="SurfaceTracker"/>


</CompuCell3D>
