<CompuCell3D Revision="2" Version="4.3.2">
   

<!-- Metadata -->
<Metadata>
    <NumberOfProcessors>1</NumberOfProcessors>
    <DebugOutputFrequency>10</DebugOutputFrequency>
</Metadata>

<!-- Potts -->
<Potts>
    <Dimensions x="400" y="150" z="1"/> 
    <Steps>100000</Steps>
    <Temperature>10.0</Temperature><!-- Standard in Compucell -->
    <Boundary_x>Periodic</Boundary_x>
    <Boundary_y>Periodic</Boundary_y>
    <NeighborOrder>1</NeighborOrder>
    <FluctuationAmplitude>
        <FluctuationAmplitudeParameters CellType="Tumor" FluctuationAmplitude="10"/><!-- Set as the average -->
        <FluctuationAmplitudeParameters CellType="Nucleus" FluctuationAmplitude="0.5"/> <!-- The nucleus is rigid -->
        <FluctuationAmplitudeParameters CellType="Collagen" FluctuationAmplitude="0"/><!-- Irrelevant as the collagen is fixed -->
        <FluctuationAmplitudeParameters CellType="Membrane" FluctuationAmplitude="12"/><!-- Set as the average -->
    </FluctuationAmplitude>
</Potts>

<!-- CellType -->
<Plugin Name="CellType">
    <CellType TypeId="0" TypeName="Medium"/>
    <CellType Freeze="" TypeId="1" TypeName="Collagen"/>
    <CellType TypeId="2" TypeName="Tumor"/>
    <CellType TypeId="3" TypeName="Nucleus"/>
    <CellType TypeId="4" TypeName="Membrane"/>
</Plugin>   

<!-- Contact -->
<Plugin Name="Contact">
    <!-- We set the neutral contact energy as 10.0 -->
    <NeighborOrder>20</NeighborOrder>
    <Energy Type1="Medium" Type2="Medium">10.0</Energy><!-- Neutral -->
    <Energy Type1="Medium" Type2="Tumor">25.0</Energy><!-- High to make sure the membrane surrounds the cell -->
    <Energy Type1="Medium" Type2="Nucleus">100.0</Energy><!-- Very high to keep the nucleus firmly inside the cell -->
    <Energy Type1="Tumor" Type2="Tumor">5.0</Energy><!-- Low so tumor sticks together -->
    <Energy Type1="Tumor" Type2="Nucleus">5.0</Energy><!-- Low so the nucleus attaches to the cell -->
    <Energy Type1="Nucleus" Type2="Nucleus">5.0</Energy><!-- Low so the nucleus sticks together -->
    <!-- <NeighborOrder>2</NeighborOrder> Lijkt er niet op dat dit echt iets doet maar ik hou t er voor nu maar in -->
    <Energy Type1="Collagen" Type2="Tumor">40.0</Energy><!-- High to keep the cell innards away from the collagen -->
    <!-- <NeighborOrder>20</NeighborOrder> Lijkt er niet op dat dit echt iets doet maar ik hou t er voor nu maar in -->
    <Energy Type1="Collagen" Type2="Nucleus">100.0</Energy><!-- Very high to keep the nucleus firmly inside the cell -->
    <Energy Type1="Collagen" Type2="Collagen">10.0</Energy><!-- Neutral -->
    <Energy Type1="Membrane" Type2="Medium">10.0</Energy><!-- Neutral -->
    <Energy Type1="Membrane" Type2="Tumor">1.0</Energy><!-- Very low to make sure the membrane sticks to the cell -->
    <Energy Type1="Membrane" Type2="Nucleus">25.0</Energy><!-- High keep the nucleus away from the membrane -->
    <Energy Type1="Membrane" Type2="Collagen">10.0</Energy><!-- Low to make the membrane stick to the collagen; set this to neutral (10.0) to remove cell-matrix attachment -->
    <WeightEnergyByDistance/><!-- Important to keep the cell round -->
</Plugin>

<!-- Add this plugin to see what happens when a surface term is added -->
<!-- <Plugin Name="Surface">
   <SurfaceEnergyParameters CellType="Collagen" LambdaSurface="0" TargetSurface="50"/>
   <SurfaceEnergyParameters CellType="Tumor" LambdaSurface="1.0" TargetSurface="280"/>
   <SurfaceEnergyParameters CellType="Nucleus" LambdaSurface="2.0" TargetSurface="25"/>
</Plugin> -->

<!-- ExternalPotential -->
<Plugin Name="ExternalPotential"/>

<!-- Chemotaxis to attract the cell to "pulses" and form protrusions -->
<Plugin Name="Chemotaxis">
    <ChemicalField Source="DiffusionSolverFE" Name="ChemField">
        <ChemotaxisByType Type="Membrane" Lambda="5000"/> <!-- Higher lambda means the cell is attracted to the pulses more -->
    </ChemicalField>
</Plugin>

<!-- Chemical pulse parameters -->
<Steppable Type="DiffusionSolverFE">
    <DiffusionField>
        <DiffusionData>
            <FieldName>ChemField</FieldName>
            <DiffusionConstant>0.07</DiffusionConstant> <!-- Set higher to make the pulses diffuse more -->
            <DecayConstant>0.014</DecayConstant> <!-- Set higher to make the pulses decay faster -->
            <DoNotDiffuseTo>Collagen</DoNotDiffuseTo>
        </DiffusionData>
    </DiffusionField>
</Steppable>

<!-- Trackers -->
<Plugin Name="NeighborTracker">
    <NeighborOrder>1</NeighborOrder>
</Plugin>

<Plugin Name="BoundaryPixelTracker">
    <NeighborOrder>1</NeighborOrder>
</Plugin>

<Plugin Name="PixelTracker">
    <NeighborOrder>1</NeighborOrder>
</Plugin>

<Plugin Name="Volume"/>

<Plugin Name="CenterOfMass"/>

<Plugin Name="SurfaceTracker"/>


</CompuCell3D>
