{
    "Version": "4.3.2",
    "ScreenshotData": {
        "ChemField_ConField_2D_XY_0": {
            "Plot": {
                "PlotType": "ConField",
                "PlotName": "ChemField"
            },
            "Dimension": "2D",
            "Projection": {
                "ProjectionPlane": "XY",
                "ProjectionPosition": 0
            },
            "CameraClippingRange": {
                "Min": "446.79616116035885",
                "Max": "516.1726584915953"
            },
            "CameraFocalPoint": {
                "x": "148.5903185511093",
                "y": "88.00344892979837",
                "z": "0.0"
            },
            "CameraPosition": {
                "x": "148.5903185511093",
                "y": "88.00344892979837",
                "z": "477.0007498344312"
            },
            "CameraViewUp": {
                "x": "0.0",
                "y": "1.0",
                "z": "0.0"
            },
            "Size": {
                "Width": 600,
                "Height": 600
            },
            "CellBorders": true,
            "Cells": true,
            "ClusterBorders": true,
            "CellGlyphs": true,
            "FPPLinks": false,
            "BoundingBox": true,
            "LatticeAxes": true,
            "LatticeAxesLabels": true,
            "TypesInvisible": [
                0
            ],
            "metadata": {
                "BorderColor": [
                    255,
                    255,
                    0,
                    255
                ],
                "ClusterBorderColor": [
                    0,
                    0,
                    255,
                    255
                ],
                "BoundingBoxColor": [
                    255,
                    255,
                    255,
                    255
                ],
                "AxesColor": [
                    255,
                    255,
                    255,
                    255
                ],
                "ContourColor": [
                    255,
                    255,
                    255,
                    255
                ],
                "WindowColor": [
                    0,
                    0,
                    0,
                    255
                ],
                "FPPLinksColor": [
                    255,
                    255,
                    255,
                    255
                ],
                "ShowHorizontalAxesLabels": true,
                "ShowVerticalAxesLabels": true,
                "TypeColorMap": {
                    "0": [
                        0,
                        0,
                        0,
                        255
                    ],
                    "1": [
                        0,
                        0,
                        255,
                        255
                    ],
                    "2": [
                        0,
                        128,
                        0,
                        255
                    ],
                    "3": [
                        255,
                        0,
                        0,
                        255
                    ],
                    "4": [
                        255,
                        255,
                        0,
                        255
                    ],
                    "5": [
                        165,
                        42,
                        42,
                        255
                    ],
                    "6": [
                        173,
                        216,
                        230,
                        255
                    ],
                    "7": [
                        144,
                        238,
                        144,
                        255
                    ],
                    "8": [
                        128,
                        0,
                        128,
                        255
                    ],
                    "9": [
                        255,
                        165,
                        0,
                        255
                    ],
                    "10": [
                        64,
                        224,
                        208,
                        255
                    ]
                },
                "MinRangeFixed": false,
                "MaxRangeFixed": true,
                "MinRange": 0.0,
                "MaxRange": 1.0,
                "ContoursOn": false,
                "NumberOfContourLines": 3,
                "ScalarIsoValues": [],
                "LegendEnable": true,
                "DisplayMinMaxInfo": true
            }
        },
        "Cell_Field_CellField_2D_XY_0": {
            "Plot": {
                "PlotType": "CellField",
                "PlotName": "Cell_Field"
            },
            "Dimension": "2D",
            "Projection": {
                "ProjectionPlane": "XY",
                "ProjectionPosition": 0
            },
            "CameraClippingRange": {
                "Min": "627.7047245914172",
                "Max": "725.1718895673289"
            },
            "CameraFocalPoint": {
                "x": "201.89300348599576",
                "y": "104.01768104593262",
                "z": "0.0"
            },
            "CameraPosition": {
                "x": "201.89300348599576",
                "y": "104.01768104593262",
                "z": "670.1392051514478"
            },
            "CameraViewUp": {
                "x": "0.0",
                "y": "1.0",
                "z": "0.0"
            },
            "Size": {
                "Width": 600,
                "Height": 600
            },
            "CellBorders": true,
            "Cells": true,
            "ClusterBorders": false,
            "CellGlyphs": false,
            "FPPLinks": false,
            "BoundingBox": true,
            "LatticeAxes": true,
            "LatticeAxesLabels": true,
            "TypesInvisible": [
                0
            ],
            "metadata": {
                "BorderColor": [
                    255,
                    255,
                    0,
                    255
                ],
                "ClusterBorderColor": [
                    161,
                    67,
                    255,
                    255
                ],
                "BoundingBoxColor": [
                    255,
                    255,
                    255,
                    255
                ],
                "AxesColor": [
                    255,
                    255,
                    255,
                    255
                ],
                "ContourColor": [
                    252,
                    23,
                    22,
                    255
                ],
                "WindowColor": [
                    0,
                    0,
                    0,
                    255
                ],
                "FPPLinksColor": [
                    255,
                    255,
                    255,
                    255
                ],
                "ShowHorizontalAxesLabels": true,
                "ShowVerticalAxesLabels": true,
                "TypeColorMap": {
                    "0": [
                        0,
                        0,
                        0,
                        255
                    ],
                    "1": [
                        0,
                        0,
                        255,
                        255
                    ],
                    "2": [
                        0,
                        128,
                        0,
                        255
                    ],
                    "3": [
                        255,
                        0,
                        0,
                        255
                    ],
                    "4": [
                        255,
                        255,
                        0,
                        255
                    ],
                    "5": [
                        165,
                        42,
                        42,
                        255
                    ],
                    "6": [
                        173,
                        216,
                        230,
                        255
                    ],
                    "7": [
                        144,
                        238,
                        144,
                        255
                    ],
                    "8": [
                        128,
                        0,
                        128,
                        255
                    ],
                    "9": [
                        255,
                        165,
                        0,
                        255
                    ],
                    "10": [
                        64,
                        224,
                        208,
                        255
                    ]
                }
            }
        }
    }
}