<CompuCell3D Revision="2" Version="4.3.2">
   

<!-- Metadata -->
<Metadata>
    <NumberOfProcessors>4</NumberOfProcessors>
    <DebugOutputFrequency>10</DebugOutputFrequency>
</Metadata>

<!-- Potts -->
<Potts>
    <Dimensions x="200" y="50" z="50"/> 
    <Steps>100000</Steps>
    <Temperature>10.0</Temperature><!-- Standard in Compucell -->
    <Boundary_x>Periodic</Boundary_x>
    <Boundary_y>Periodic</Boundary_y>
    <NeighborOrder>1</NeighborOrder>
    <FluctuationAmplitude>
        <FluctuationAmplitudeParameters CellType="Tumor" FluctuationAmplitude="10"/><!-- Set as the average -->
        <FluctuationAmplitudeParameters CellType="Collagen" FluctuationAmplitude="0"/><!-- Irrelevant as the collagen is fixed -->
    </FluctuationAmplitude>
</Potts>

<!-- CellType -->
<Plugin Name="CellType">
    <CellType TypeId="0" TypeName="Medium"/>
    <CellType Freeze="" TypeId="1" TypeName="Collagen"/>
    <CellType TypeId="2" TypeName="Tumor"/>
</Plugin>   

<!-- Contact -->
<Plugin Name="Contact">
    <!-- We set the neutral contact energy as 10.0 -->
    <NeighborOrder>10</NeighborOrder>
    <Energy Type1="Medium" Type2="Medium">10.0</Energy><!-- Neutral -->
    <Energy Type1="Medium" Type2="Tumor">25.0</Energy><!-- High to make sure the membrane surrounds the cell -->
    <Energy Type1="Tumor" Type2="Tumor">5.0</Energy><!-- Low so tumor sticks together -->
    <Energy Type1="Collagen" Type2="Tumor">40.0</Energy><!-- High to keep the cell innards away from the collagen -->
    <Energy Type1="Collagen" Type2="Collagen">10.0</Energy><!-- Neutral -->
    <WeightEnergyByDistance/><!-- Important to keep the cell round -->
</Plugin>

<!-- Add this plugin to see what happens when a surface term is added -->
<!-- <Plugin Name="Surface">
   <SurfaceEnergyParameters CellType="Collagen" LambdaSurface="0" TargetSurface="50"/>
   <SurfaceEnergyParameters CellType="Tumor" LambdaSurface="0.2" TargetSurface="1800"/>
</Plugin> -->

<!-- ExternalPotential -->
<!-- <Plugin Name="ExternalPotential"/> -->

<!-- Chemotaxis to attract the cell to "pulses" and form protrusions -->
<Plugin Name="Chemotaxis">
    <ChemicalField Source="DiffusionSolverFE" Name="ChemField">
        <ChemotaxisByType Type="Tumor" Lambda="5000"/> <!-- Higher lambda means the cell is attracted to the pulses more -->
    </ChemicalField>
</Plugin>

<!-- Chemical pulse parameters -->
<Steppable Type="DiffusionSolverFE">
    <DiffusionField>
        <DiffusionData>
            <FieldName>ChemField</FieldName>
            <DiffusionConstant>0.05</DiffusionConstant> <!-- Set higher to make the pulses diffuse more -->
            <DecayConstant>0.017</DecayConstant> <!-- Set higher to make the pulses decay faster -->
            <DoNotDiffuseTo>Collagen</DoNotDiffuseTo>
        </DiffusionData>
    </DiffusionField>
</Steppable>

<!-- Trackers -->
<Plugin Name="NeighborTracker">
    <NeighborOrder>1</NeighborOrder>
</Plugin>

<Plugin Name="BoundaryPixelTracker">
    <NeighborOrder>1</NeighborOrder>
</Plugin>

<Plugin Name="PixelTracker">
    <NeighborOrder>1</NeighborOrder>
</Plugin>

<Plugin Name="Volume"/>

<Plugin Name="CenterOfMass"/>

<Plugin Name="SurfaceTracker"/>


</CompuCell3D>
